ID_Product,Quantity,Quantity_Fourniss_After_Cumule,available
B00499C,1,1,1
B00611C,1,1,1
B00628C,1,1,1
B00642C,1,1,1
B00669C,1,1,1
B00691C,1,1,1
B00771C,1,1,1
B00797C,1,1,1
B00800C,0,0,0
B00801C,0,0,0
B00828C,1,1,1
B00850C,1,1,1
B00904C,0,0,0
B01586S,1,1,1
B01629R,0,0,0
B01720S,1,1,1
B02104V,1,1,1
B02105V,1,1,1
B02158S,1,1,1
B02159E,1,1,1
B02186V,1,1,1
B02187V,1,1,1
B02188S,1,1,1
B03021V,1,1,1
BITURBO,1,1,1
CARCASSA,0,0,0
CAUZIONE,1,1,1
COREASSY,0,0,0
CORPO,0,0,0
EGR00548,0,0,0
EGR00581,0,0,0
EGR00584,0,0,0
EGR00586,0,0,0
EGR00589,0,0,0
EGR00600,0,0,0
EGR00602,0,0,0
EGR00611,0,0,0
EGR00613,0,0,0
EGR00631,0,0,0
EGR00635,0,0,0
G00001Z,0,0,0
G00030AC,1,1,1
G00031C,0,0,0
G00032C,1,1,1
G00035AC,0,0,0
G00036C,1,1,1
G00038AC,1,1,1
G00038C,1,1,1
G00042AC,1,1,1
G00042C,1,1,1
G00045C,1,1,1
G00047S,1,1,1
G00048C,0,0,0
G00049AC,1,1,1
G00051AC,1,1,1
G00051C,1,1,1
G00052AC,1,1,1
G00052C,0,0,0
G00053AC,1,1,1
G00053C,1,1,1
G00054AC,1,1,1
G00054C,1,1,1
G00055AC,1,1,1
G00055C,1,1,1
G00056C,1,1,1
G00057C,1,1,1
G00058C,1,1,1
G00059C,1,1,1
G00060C,1,1,1
G00061C,1,1,1
G00062C,0,0,0
G00063AC,0,0,0
G00063C,0,0,0
G00064AC,1,1,1
G00064C,1,1,1
G00064S,1,1,1
G00065C,1,1,1
G00066C,1,1,1
G00067C,0,0,0
G00068C,1,1,1
G00069AC,1,1,1
G00069C,1,1,1
G00070AC,0,0,0
G00070C,1,1,1
G00071C,0,0,0
G00072C,1,1,1
G00072P,1,1,1
G00073AC,1,1,1
G00073C,1,1,1
G00074AC,1,1,1
G00076AC,1,1,1
G00076C,1,1,1
G00077AC,1,1,1
G00078AC,1,1,1
G00080C,1,1,1
G00081AC,1,1,1
G00081C,1,1,1
G00082AC,1,1,1
G00082C,1,1,1
G00082S,1,1,1
G00083AC,1,1,1
G00083C,1,1,1
G00084C,0,0,0
G00085C,1,1,1
G00086C,1,1,1
G00087AC,1,1,1
G00087C,0,0,0
G00088AC,1,1,1
G00090AC,1,1,1
G00090C,1,1,1
G00090S,1,1,1
G00091AC,1,1,1
G00092C,1,1,1
G00093C,1,1,1
G00094C,1,1,1
G00095C,1,1,1
G00096C,1,1,1
G00097C,1,1,1
G00100C,1,1,1
G00101AC,1,1,1
G00101C,1,1,1
G00102AC,0,0,0
G00102C,1,1,1
G00103AC,1,1,1
G00103C,1,1,1
G00106AC,1,1,1
G00108C,1,1,1
G00111C,0,0,0
G00113C,1,1,1
G00117AC,1,1,1
G00117C,0,0,0
G00118AC,1,1,1
G00119C,1,1,1
G00121C,1,1,1
G00121S,1,1,1
G00122C,0,0,0
G00123C,1,1,1
G00124C,1,1,1
G00125C,1,1,1
G00126C,0,0,0
G00127C,1,1,1
G00128C,1,1,1
G00129C,0,0,0
G00130C,1,1,1
G00131C,1,1,1
G00132AC,1,1,1
G00132C,1,1,1
G00133C,1,1,1
G00134AC,1,1,1
G00135AC,1,1,1
G00136AC,0,0,0
G00136C,1,1,1
G00137AC,1,1,1
G00138AC,1,1,1
G00138C,1,1,1
G00139C,0,0,0
G00140C,1,1,1
G00141C,1,1,1
G00142C,1,1,1
G00143C,1,1,1
G00144C,1,1,1
G00145C,1,1,1
G00146C,1,1,1
G00148C,1,1,1
G00149C,1,1,1
G00150C,1,1,1
G00153C,1,1,1
G00154AC,1,1,1
G00156C,1,1,1
G00158C,1,1,1
G00159C,1,1,1
G00163C,1,1,1
G00165C,0,0,0
G00166C,1,1,1
G00167C,1,1,1
G00168C,1,1,1
G00169C,1,1,1
G00172C,0,0,0
G00173C,0,0,0
G00174AC,1,1,1
G00177C,1,1,1
G00178AC,1,1,1
G00178C,1,1,1
G00178S,1,1,1
G00179C,1,1,1
G00181C,1,1,1
G00182C,1,1,1
G00183C,1,1,1
G00185C,0,0,0
G00186C,0,0,0
G00188C,1,1,1
G00189C,1,1,1
G00190C,1,1,1
G00191C,1,1,1
G00193C,1,1,1
G00195C,0,0,0
G00197C,1,1,1
G00198C,1,1,1
G00199C,0,0,0
G00201C,1,1,1
G00211C,1,1,1
G00212C,1,1,1
G00214AC,1,1,1
G00215AC,1,1,1
G00216AC,1,1,1
G00222C,1,1,1
G00224C,1,1,1
G00228AC,1,1,1
G00228C,1,1,1
G00231C,1,1,1
G00232AC,1,1,1
G00235AC,1,1,1
G00235C,1,1,1
G00235S,1,1,1
G00236C,0,0,0
G00237AC,1,1,1
G00237C,1,1,1
G00238C,1,1,1
G00239AC,1,1,1
G00239C,1,1,1
G00240AC,1,1,1
G00240C,0,0,0
G00242C,0,0,0
G00244C,1,1,1
G00246C,1,1,1
G00248AC,1,1,1
G00250C,1,1,1
G00251AC,1,1,1
G00251C,1,1,1
G00253C,1,1,1
G00254C,1,1,1
G00255C,0,0,0
G00256AC,1,1,1
G00256C,1,1,1
G00257C,1,1,1
G00264C,1,1,1
G00265C,1,1,1
G00267C,1,1,1
G00271C,0,0,0
G00274C,1,1,1
G00275C,1,1,1
G00275W,1,1,1
G00276W,0,0,0
G00277G,1,1,1
G00277N,1,1,1
G00278W,0,0,0
G00281R,1,1,1
G00282G,1,1,1
G00283G,0,0,0
G00285A,1,1,1
G00286G,1,1,1
G00286R,1,1,1
G00287G,0,0,0
G00288A,0,0,0
G00288R,1,1,1
G00290A,1,1,1
G00290C,1,1,1
G00291A,1,1,1
G00291C,1,1,1
G00292C,1,1,1
G00292W,1,1,1
G00293C,1,1,1
G00293W,1,1,1
G00294C,0,0,0
G00294G,1,1,1
G00295A,1,1,1
G00295C,1,1,1
G00296C,1,1,1
G00297A,1,1,1
G00298A,0,0,0
G00299A,1,1,1
G00300A,1,1,1
G00300AC,1,1,1
G00300C,1,1,1
G00301A,1,1,1
G00302G,1,1,1
G00303A,1,1,1
G00304A,1,1,1
G00305G,1,1,1
G00306A,1,1,1
G00306AC,1,1,1
G00306C,1,1,1
G00307A,1,1,1
G00307C,1,1,1
G00309A,1,1,1
G00310B,1,1,1
G00310C,1,1,1
G00311C,1,1,1
G00312C,0,0,0
G00314V,1,1,1
G00316V,0,0,0
G00318G,1,1,1
G00319G,1,1,1
G00319R,0,0,0
G00320G,1,1,1
G00321C,1,1,1
G00321G,1,1,1
G00323C,1,1,1
G00324G,1,1,1
G00325C,1,1,1
G00325G,1,1,1
G00325N,1,1,1
G00326C,0,0,0
G00326G,1,1,1
G00328G,1,1,1
G00329G,1,1,1
G00330C,0,0,0
G00330G,1,1,1
G00331G,1,1,1
G00332G,0,0,0
G00332N,1,1,1
G00333G,1,1,1
G00334AC,0,0,0
G00334C,1,1,1
G00334G,1,1,1
G00335AC,0,0,0
G00337C,1,1,1
G00338V,1,1,1
G00341AC,0,0,0
G00341C,1,1,1
G00341W,0,0,0
G00342V,1,1,1
G00345C,1,1,1
G00346G,1,1,1
G00347B,1,1,1
G00348W,1,1,1
G00349G,1,1,1
G00349R,0,0,0
G00351C,1,1,1
G00353G,1,1,1
G00353N,1,1,1
G00354G,1,1,1
G00355C,0,0,0
G00355R,1,1,1
G00356C,1,1,1
G00358G,1,1,1
G00358N,1,1,1
G00358R,1,1,1
G00359C,1,1,1
G00359R,1,1,1
G00360C,1,1,1
G00360G,0,0,0
G00361C,1,1,1
G00365A,1,1,1
G00366C,1,1,1
G00368C,0,0,0
G00369C,1,1,1
G00369G,1,1,1
G00371A,1,1,1
G00373R,1,1,1
G00374A,1,1,1
G00377V,1,1,1
G00378A,1,1,1
G00378C,1,1,1
G00380G,1,1,1
G00381A,1,1,1
G00382C,1,1,1
G00383C,1,1,1
G00385C,1,1,1
G00386AC,1,1,1
G00388G,1,1,1
G00389A,1,1,1
G00390C,1,1,1
G00391G,1,1,1
G00392V,1,1,1
G00393V,1,1,1
G00394V,1,1,1
G00396A,1,1,1
G00398C,1,1,1
G00399C,1,1,1
G00400G,1,1,1
G00402C,0,0,0
G00403C,1,1,1
G00404G,0,0,0
G00406G,1,1,1
G00407C,1,1,1
G00408A,1,1,1
G00408C,1,1,1
G00409G,1,1,1
G00410A,1,1,1
G00410C,1,1,1
G00411A,1,1,1
G00411C,0,0,0
G00412A,1,1,1
G00412C,1,1,1
G00413C,1,1,1
G00414C,1,1,1
G00415B,1,1,1
G00416B,1,1,1
G00417B,1,1,1
G00417C,1,1,1
G00418C,1,1,1
G00419A,1,1,1
G00419C,1,1,1
G00420A,1,1,1
G00420C,1,1,1
G00421C,1,1,1
G00422C,1,1,1
G00422G,1,1,1
G00423C,1,1,1
G00424B,1,1,1
G00427A,1,1,1
G00428C,1,1,1
G00429C,1,1,1
G00430C,1,1,1
G00431C,1,1,1
G00432C,0,0,0
G00433C,1,1,1
G00434A,1,1,1
G00434C,1,1,1
G00435A,1,1,1
G00435C,1,1,1
G00436G,1,1,1
G00437G,1,1,1
G00440C,1,1,1
G00443A,1,1,1
G00443C,0,0,0
G00445C,1,1,1
G00446C,1,1,1
G00448C,1,1,1
G00449A,1,1,1
G00449C,1,1,1
G00451C,1,1,1
G00452C,1,1,1
G00454A,1,1,1
G00455C,1,1,1
G00456C,1,1,1
G00457C,1,1,1
G00457V,1,1,1
G00458V,1,1,1
G00459B,1,1,1
G00459C,1,1,1
G00460B,1,1,1
G00461B,1,1,1
G00461C,1,1,1
G00463B,1,1,1
G00463C,1,1,1
G00464B,1,1,1
G00465B,1,1,1
G00465C,1,1,1
G00466C,1,1,1
G00467C,1,1,1
G00467P,1,1,1
G00468C,1,1,1
G00468P,1,1,1
G00469C,1,1,1
G00469P,1,1,1
G00470C,1,1,1
G00470P,1,1,1
G00471C,1,1,1
G00471P,1,1,1
G00474P,1,1,1
G00475C,1,1,1
G00476C,1,1,1
G00476P,1,1,1
G00477P,1,1,1
G00478P,1,1,1
G00481P,1,1,1
G00482C,0,0,0
G00483P,1,1,1
G00484C,0,0,0
G00484H,1,1,1
G00486C,1,1,1
G00487C,1,1,1
G00491B,1,1,1
G00492B,1,1,1
G00493B,0,0,0
G00494P,1,1,1
G00495P,1,1,1
G00496W,0,0,0
G00499H,1,1,1
G00500B,1,1,1
G00501B,1,1,1
G00502B,1,1,1
G00502C,1,1,1
G00503B,1,1,1
G00504C,1,1,1
G00504P,1,1,1
G00506C,1,1,1
G00508B,1,1,1
G00509C,1,1,1
G00512A,1,1,1
G00513G,1,1,1
G00514G,1,1,1
G00516C,1,1,1
G00517G,1,1,1
G00519C,1,1,1
G00520H,1,1,1
G00521A,1,1,1
G00521C,1,1,1
G00524G,1,1,1
G00525C,0,0,0
G00526B,1,1,1
G00527C,1,1,1
G00530A,1,1,1
G00531A,1,1,1
G00531C,1,1,1
G00533C,1,1,1
G00534C,1,1,1
G00537C,1,1,1
G00538C,1,1,1
G00541C,1,1,1
G00542C,1,1,1
G00542H,1,1,1
G00545P,1,1,1
G00546C,1,1,1
G00546P,1,1,1
G00547B,1,1,1
G00547C,1,1,1
G00548B,1,1,1
G00548C,1,1,1
G00549B,1,1,1
G00549C,1,1,1
G00550C,1,1,1
G00551V,1,1,1
G00552B,1,1,1
G00554P,1,1,1
G00555P,1,1,1
G00556A,0,0,0
G00559C,1,1,1
G00560C,0,0,0
G00560V,0,0,0
G00561C,1,1,1
G00562V,1,1,1
G00563A,1,1,1
G00568G,1,1,1
G00569C,1,1,1
G00571G,1,1,1
G00577C,1,1,1
G00580C,1,1,1
G00581C,1,1,1
G00582G,1,1,1
G00583C,1,1,1
G00583G,1,1,1
G00586C,1,1,1
G00588C,0,0,0
G00589C,1,1,1
G00590C,1,1,1
G00591B,1,1,1
G00591C,1,1,1
G00592B,1,1,1
G00592C,1,1,1
G00593B,1,1,1
G00595C,1,1,1
G00601C,1,1,1
G00602C,1,1,1
G00603P,1,1,1
G00607C,1,1,1
G00608C,1,1,1
G00609C,1,1,1
G00610C,1,1,1
G00610V,1,1,1
G00611P,1,1,1
G00613C,0,0,0
G00614B,1,1,1
G00615P,1,1,1
G00617P,0,0,0
G00618P,1,1,1
G00619B,1,1,1
G00620B,1,1,1
G00621B,1,1,1
G00621C,1,1,1
G00622C,1,1,1
G00623C,1,1,1
G00624C,1,1,1
G00624G,1,1,1
G00625C,1,1,1
G00627A,0,0,0
G00635C,1,1,1
G00636C,1,1,1
G00639C,1,1,1
G00640C,1,1,1
G00643V,1,1,1
G00645W,1,1,1
G00648C,1,1,1
G00651C,1,1,1
G00654C,1,1,1
G00656C,1,1,1
G00658C,1,1,1
G00660A,1,1,1
G00661A,1,1,1
G00662G,1,1,1
G00663C,1,1,1
G00663G,1,1,1
G00667C,1,1,1
G00668C,1,1,1
G00672C,1,1,1
G00673C,1,1,1
G00682G,1,1,1
G00683B,1,1,1
G00683C,0,0,0
G00684C,1,1,1
G00688C,1,1,1
G00692H,1,1,1
G00695V,1,1,1
G00697W,1,1,1
G00701C,1,1,1
G00702C,1,1,1
G00705B,1,1,1
G00706B,1,1,1
G00707B,1,1,1
G00709C,1,1,1
G00710B,1,1,1
G00711B,1,1,1
G00711C,1,1,1
G00713B,1,1,1
G00713C,1,1,1
G00714B,1,1,1
G00714C,1,1,1
G00715C,1,1,1
G00716B,1,1,1
G00716C,0,0,0
G00717C,1,1,1
G00717H,1,1,1
G00719C,1,1,1
G00723C,1,1,1
G00724C,1,1,1
G00724H,1,1,1
G00725H,1,1,1
G00729B,1,1,1
G00733C,1,1,1
G00734P,1,1,1
G00735H,1,1,1
G00736W,0,0,0
G00738P,1,1,1
G00739G,1,1,1
G00740A,1,1,1
G00741B,1,1,1
G00745B,1,1,1
G00746C,1,1,1
G00747C,1,1,1
G00748C,1,1,1
G00749C,1,1,1
G00751C,1,1,1
G00752C,0,0,0
G00755C,1,1,1
G00757C,1,1,1
G00759C,1,1,1
G00760C,1,1,1
G00762AC,0,0,0
G00762C,1,1,1
G00764C,1,1,1
G00767V,0,0,0
G00772C,1,1,1
G00775C,0,0,0
G00776C,1,1,1
G00778C,1,1,1
G00780C,1,1,1
G00784AC,1,1,1
G00784C,1,1,1
G00787C,1,1,1
G00793C,1,1,1
G00798AC,0,0,0
G00798C,1,1,1
G00799A,1,1,1
G00799C,0,0,0
G00804C,1,1,1
G00805C,1,1,1
G00806C,1,1,1
G00807C,1,1,1
G00808C,1,1,1
G00812C,1,1,1
G00813C,1,1,1
G00819C,1,1,1
G00820C,1,1,1
G00821AC,1,1,1
G00821C,1,1,1
G00822B,1,1,1
G00823B,1,1,1
G00832C,0,0,0
G00832P,1,1,1
G00833P,1,1,1
G00838B,1,1,1
G00839B,1,1,1
G00839C,1,1,1
G00841B,1,1,1
G00841C,1,1,1
G00845C,1,1,1
G00846C,1,1,1
G00847C,1,1,1
G00848C,1,1,1
G00850P,1,1,1
G00852V,1,1,1
G00854C,1,1,1
G00855C,0,0,0
G00857B,1,1,1
G00857C,1,1,1
G00860C,1,1,1
G00862C,1,1,1
G00862P,1,1,1
G00863C,0,0,0
G00872C,1,1,1
G00873C,1,1,1
G00875B,1,1,1
G00877C,0,0,0
G00879R,1,1,1
G00880R,0,0,0
G00881C,1,1,1
G00881E,0,0,0
G00882E,0,0,0
G00886H,1,1,1
G00887B,1,1,1
G00888C,1,1,1
G00888R,1,1,1
G00889R,1,1,1
G00890C,1,1,1
G00890R,1,1,1
G00891C,1,1,1
G00892R,1,1,1
G00893R,1,1,1
G00894C,1,1,1
G00894P,1,1,1
G00894R,1,1,1
G00895R,1,1,1
G00896R,1,1,1
G00897C,1,1,1
G00901C,1,1,1
G00902C,1,1,1
G00903C,1,1,1
G00904R,1,1,1
G00905C,1,1,1
G00905R,1,1,1
G00907V,1,1,1
G00908C,1,1,1
G00908R,1,1,1
G00909A,0,0,0
G00910C,1,1,1
G00911C,1,1,1
G00912C,0,0,0
G00913A,1,1,1
G00913C,1,1,1
G00913W,1,1,1
G00915C,1,1,1
G00916C,1,1,1
G00916E,1,1,1
G00918G,1,1,1
G00924R,1,1,1
G00925W,1,1,1
G00926W,1,1,1
G00927A,1,1,1
G00927E,1,1,1
G00928A,1,1,1
G00928E,1,1,1
G00929E,1,1,1
G00930E,1,1,1
G00931G,1,1,1
G00935E,0,0,0
G00939P,1,1,1
G00940H,1,1,1
G00955G,1,1,1
G00958A,1,1,1
G01000C,1,1,1
G01011G,1,1,1
G01014H,1,1,1
G01031W,1,1,1
G01036W,0,0,0
G01037W,0,0,0
G01041W,1,1,1
G01054G,1,1,1
G01056G,1,1,1
G01056W,1,1,1
G01057B,1,1,1
G01060G,1,1,1
G01063G,1,1,1
G01065V,1,1,1
G01086H,1,1,1
G01091P,1,1,1
G01093A,1,1,1
G01103B,1,1,1
G01104P,1,1,1
G01106V,1,1,1
G01107W,1,1,1
G01108W,1,1,1
G01109W,1,1,1
G01110W,1,1,1
G01115G,1,1,1
G01118B,1,1,1
G01120G,1,1,1
G01123H,1,1,1
G01124M,1,1,1
G01125E,1,1,1
G01129G,1,1,1
G01136G,1,1,1
G01137A,1,1,1
G01138B,1,1,1
G01140H,1,1,1
G01141B,1,1,1
G01145B,1,1,1
G01147H,1,1,1
G01148G,1,1,1
G01150G,1,1,1
G01151A,1,1,1
G01156A,1,1,1
G01157P,1,1,1
G01158B,1,1,1
G01159G,1,1,1
G01160H,1,1,1
G01161P,1,1,1
G01162R,1,1,1
G01163A,1,1,1
G01163M,1,1,1
G01164E,1,1,1
G01167B,1,1,1
G01175B,1,1,1
G01187W,1,1,1
G01188R,1,1,1
G01193G,1,1,1
G01194S,0,0,0
G01199B,1,1,1
G01200V,1,1,1
G01202B,1,1,1
G01206A,1,1,1
G01207N,1,1,1
G01210A,1,1,1
G01211B,1,1,1
G01214A,1,1,1
G01215W,1,1,1
G01216B,1,1,1
G01218A,0,0,0
G01220S,0,0,0
G01221A,1,1,1
G01222W,1,1,1
G01223V,1,1,1
G01224V,0,0,0
G01229B,1,1,1
G01230B,1,1,1
G01233B,1,1,1
G01234B,1,1,1
G01235B,1,1,1
G01239P,1,1,1
G01240R,1,1,1
G01242P,1,1,1
G01244G,1,1,1
G01246B,1,1,1
G01250B,1,1,1
G01258R,1,1,1
G01260M,1,1,1
G01262R,0,0,0
G01263R,1,1,1
G01268N,1,1,1
G01269R,1,1,1
G01271G,0,0,0
G01272A,1,1,1
G01273R,1,1,1
G01275A,1,1,1
G01278G,1,1,1
G01279B,1,1,1
G01280G,1,1,1
G01286R,1,1,1
G01292W,1,1,1
G01301A,1,1,1
G01304M,0,0,0
G01312A,1,1,1
G01313M,0,0,0
G01315W,1,1,1
G01319A,1,1,1
G01331R,1,1,1
G01332A,1,1,1
G01339E,1,1,1
G01341E,1,1,1
G01342M,1,1,1
G01343E,1,1,1
G01344E,1,1,1
G01357M,1,1,1
G01361A,1,1,1
G01362G,1,1,1
G01366G,1,1,1
G01367V,1,1,1
G01370B,1,1,1
G01370G,1,1,1
G01372P,1,1,1
G01373R,0,0,0
G01374R,1,1,1
G01375R,1,1,1
G01376E,1,1,1
G01379B,1,1,1
G01380B,1,1,1
G01391B,1,1,1
G01392V,1,1,1
G01393V,1,1,1
G01397P,1,1,1
G01398G,1,1,1
G01400A,1,1,1
G01405G,1,1,1
G01406S,1,1,1
G01411V,1,1,1
G01412G,1,1,1
G01413G,1,1,1
G01415H,1,1,1
G01416V,1,1,1
G01417V,1,1,1
G01419A,1,1,1
G01420R,1,1,1
G01425E,1,1,1
G01427H,1,1,1
G01430V,1,1,1
G01433V,1,1,1
G01434V,1,1,1
G01435A,1,1,1
G01438S,0,0,0
G01439P,1,1,1
G01460R,1,1,1
G01464V,1,1,1
G01466V,1,1,1
G01468M,1,1,1
G01469R,1,1,1
G01472G,1,1,1
G01473G,0,0,0
G01479A,1,1,1
G01479B,1,1,1
G01480A,1,1,1
G01480B,1,1,1
G01481A,1,1,1
G01482A,1,1,1
G01483A,1,1,1
G01496P,1,1,1
G01499P,1,1,1
G01511V,1,1,1
G01519A,1,1,1
G01544E,0,0,0
G01551M,1,1,1
G01552W,1,1,1
G01553S,1,1,1
G01554S,1,1,1
G01555S,1,1,1
G01556S,1,1,1
G01562V,1,1,1
G01564S,1,1,1
G01565S,0,0,0
G01567A,1,1,1
G01575E,1,1,1
G01576V,1,1,1
G01582S,0,0,0
G01592AC,0,0,0
G01593AC,1,1,1
G01594R,1,1,1
G01594S,0,0,0
G01596AC,1,1,1
G01597AC,0,0,0
G01605S,1,1,1
G01607S,1,1,1
G01610R,1,1,1
G01611R,0,0,0
G01613R,1,1,1
G01615R,1,1,1
G01617R,1,1,1
G01619R,1,1,1
G01620R,0,0,0
G01622R,1,1,1
G01623R,1,1,1
G01626R,0,0,0
G01627R,1,1,1
G01628R,1,1,1
G01656R,1,1,1
G01660G,1,1,1
G01679V,1,1,1
G01687R,1,1,1
G01688R,0,0,0
G01689R,1,1,1
G01693R,1,1,1
G01694R,0,0,0
G01704R,0,0,0
G01713R,0,0,0
G01718W,1,1,1
G01721W,0,0,0
G01722S,1,1,1
G01728AC,0,0,0
G01733S,1,1,1
G01734S,1,1,1
G01735S,1,1,1
G01770A,0,0,0
G01874B,1,1,1
G01927R,1,1,1
G01928R,1,1,1
G01929R,1,1,1
G01930R,1,1,1
G01931R,1,1,1
G01932R,1,1,1
G01933R,1,1,1
G01937P,1,1,1
G01945V,1,1,1
G01947V,1,1,1
G01948P,1,1,1
G01948V,1,1,1
G01949V,1,1,1
G01955M,1,1,1
G01972M,1,1,1
G01973E,1,1,1
G01974M,1,1,1
G01975E,1,1,1
G01976M,1,1,1
G01977M,1,1,1
G01978M,1,1,1
G01979M,1,1,1
G01980W,0,0,0
G01981M,0,0,0
G01989E,1,1,1
G01989V,1,1,1
G01990M,1,1,1
G01991E,0,0,0
G01992B,1,1,1
G01992M,1,1,1
G01994E,1,1,1
G01995V,1,1,1
G01996W,0,0,0
G02004R,1,1,1
G02005R,1,1,1
G02010V,1,1,1
G02011B,1,1,1
G02011V,1,1,1
G02012E,1,1,1
G02012V,0,0,0
G02013V,1,1,1
G02014V,1,1,1
G02017B,1,1,1
G02019B,1,1,1
G02020B,1,1,1
G02021B,1,1,1
G02021S,1,1,1
G02022B,0,0,0
G02023B,1,1,1
G02023S,1,1,1
G02024B,1,1,1
G02024S,1,1,1
G02025S,1,1,1
G02026S,1,1,1
G02027B,1,1,1
G02027S,1,1,1
G02028S,1,1,1
G02030B,1,1,1
G02033B,1,1,1
G02034B,1,1,1
G02037B,1,1,1
G02040B,1,1,1
G02044B,1,1,1
G02045B,1,1,1
G02046B,1,1,1
G02047B,1,1,1
G02048B,1,1,1
G02050B,1,1,1
G02055B,1,1,1
G02059B,1,1,1
G02061E,1,1,1
G02063B,1,1,1
G02083S,1,1,1
G02086A,1,1,1
G02094V,1,1,1
G02097V,1,1,1
G02099V,1,1,1
G02101V,1,1,1
G02102V,1,1,1
G02103V,1,1,1
G02107V,1,1,1
G02108V,0,0,0
G02109S,0,0,0
G02110W,1,1,1
G02112W,0,0,0
G02113B,1,1,1
G02114W,1,1,1
G02115W,1,1,1
G02116E,0,0,0
G02116S,0,0,0
G02117S,1,1,1
G02118S,1,1,1
G02119S,1,1,1
G02119V,1,1,1
G02121S,1,1,1
G02121V,1,1,1
G02122V,1,1,1
G02123W,1,1,1
G02125V,1,1,1
G02125W,1,1,1
G02126V,1,1,1
G02127AC,1,1,1
G02129V,1,1,1
G02131V,1,1,1
G02131W,1,1,1
G02132S,0,0,0
G02135W,1,1,1
G02136W,1,1,1
G02140S,1,1,1
G02141W,1,1,1
G02142S,1,1,1
G02144S,1,1,1
G02146W,1,1,1
G02151S,1,1,1
G02152W,1,1,1
G02160W,1,1,1
G02161W,1,1,1
G02162AC,0,0,0
G02163AC,1,1,1
G02164AC,1,1,1
G02165AC,1,1,1
G02176V,1,1,1
G02182V,1,1,1
G02184V,0,0,0
G02185V,1,1,1
G03001V,1,1,1
G03002V,1,1,1
G03003V,1,1,1
G03004V,1,1,1
G03005V,1,1,1
G03006V,1,1,1
G03007V,1,1,1
G03008V,1,1,1
G03009V,1,1,1
G03010V,1,1,1
G03011V,1,1,1
G03012V,1,1,1
G03013V,1,1,1
G03014V,1,1,1
G03015V,1,1,1
G03016V,1,1,1
G03017V,1,1,1
G03018V,1,1,1
G03019V,1,1,1
G03020V,1,1,1
G03022V,1,1,1
G03023V,1,1,1
GARANZIA,0,0,0
GEOMETRIA,0,0,0
GK000,0,0,0
GK013,1,1,1
GK1000,0,0,0
GK1001,0,0,0
GK1002,1,1,1
GK1003,0,0,0
GK1004,1,1,1
GK1005,0,0,0
GK1006,1,1,1
GK1007,1,1,1
GK1008,1,1,1
GK1009,0,0,0
GK1010,1,1,1
GK1011,0,0,0
GK1012,1,1,1
GK1013,0,0,0
GK1014,1,1,1
GK1015,0,0,0
GK1016,0,0,0
GK1017,0,0,0
GK1018,1,1,1
GK1019,1,1,1
GK1020,0,0,0
GK1021,1,1,1
GK1022,1,1,1
GK1023,1,1,1
GK1024,1,1,1
GK1025,1,1,1
GK1026,1,1,1
GK1027,0,0,0
GK1029,1,1,1
GK106,1,1,1
GK111,1,1,1
GK118,1,1,1
GK1199,0,0,0
GK127,0,0,0
GK129,1,1,1
GK130,1,1,1
GK132,1,1,1
GK133,1,1,1
GK135,0,0,0
GK137,1,1,1
GK148,1,1,1
GK150,1,1,1
GK157,1,1,1
GK169,0,0,0
GK170,1,1,1
GK175,1,1,1
GK181,1,1,1
GK185,1,1,1
GK191,0,0,0
GK192,1,1,1
GK1947,1,1,1
GK195,1,1,1
GK196,0,0,0
GK197,1,1,1
GK198,1,1,1
GK199,1,1,1
GK201,0,0,0
GK202,0,0,0
GK204,1,1,1
GK205,0,0,0
GK206,1,1,1
GK207,1,1,1
GK208,1,1,1
GK209,1,1,1
GK210,1,1,1
GK212,0,0,0
GK214,1,1,1
GK215,0,0,0
GK216,0,0,0
GK217,1,1,1
GK219,1,1,1
GK220,1,1,1
GK221,1,1,1
GK222,1,1,1
GK227,1,1,1
GK228,1,1,1
GK229,0,0,0
GK230,1,1,1
GK231,1,1,1
GK232,1,1,1
GK233,1,1,1
GK234,0,0,0
GK238,1,1,1
GK239,1,1,1
GK241,1,1,1
GK242,1,1,1
GK243,1,1,1
GK244,1,1,1
GK245,1,1,1
GK250,1,1,1
GK251,0,0,0
GK254,1,1,1
GK255,1,1,1
GK256,0,0,0
GK257,1,1,1
GK258,1,1,1
GK259,1,1,1
GK263,1,1,1
GK265,1,1,1
GK268,0,0,0
GK269,1,1,1
GK270,1,1,1
GK271,1,1,1
GK282,1,1,1
GK283,1,1,1
GK288,1,1,1
GK289,1,1,1
GK29,1,1,1
GK290,1,1,1
GK291,1,1,1
GK294,1,1,1
GK295,0,0,0
GK297,1,1,1
GK301,1,1,1
GK302,1,1,1
GK303,1,1,1
GK309,1,1,1
GK313,1,1,1
GK321,0,0,0
GK322,1,1,1
GK325,1,1,1
GK329,0,0,0
GK33,1,1,1
GK330,1,1,1
GK331,1,1,1
GK332,1,1,1
GK336,1,1,1
GK338,1,1,1
GK339,1,1,1
GK343,1,1,1
GK344,0,0,0
GK346,1,1,1
GK347,1,1,1
GK349,1,1,1
GK35,1,1,1
GK350,1,1,1
GK352,1,1,1
GK355,1,1,1
GK358,0,0,0
GK359,0,0,0
GK365,1,1,1
GK37,1,1,1
GK370,1,1,1
GK374,1,1,1
GK375,1,1,1
GK377,1,1,1
GK379,1,1,1
GK381,0,0,0
GK382,1,1,1
GK383,1,1,1
GK384,0,0,0
GK385,1,1,1
GK386,1,1,1
GK388,1,1,1
GK389,1,1,1
GK390,1,1,1
GK394,1,1,1
GK40,1,1,1
GK404,1,1,1
GK405,1,1,1
GK408,1,1,1
GK409,0,0,0
GK410,1,1,1
GK411,1,1,1
GK413,1,1,1
GK415,1,1,1
GK416,1,1,1
GK418,1,1,1
GK419,0,0,0
GK421,1,1,1
GK433,0,0,0
GK443,1,1,1
GK445,1,1,1
GK451,1,1,1
GK453,0,0,0
GK456,1,1,1
GK457,1,1,1
GK458,0,0,0
GK46,1,1,1
GK461,1,1,1
GK462,0,0,0
GK463,1,1,1
GK465,1,1,1
GK466,1,1,1
GK468,1,1,1
GK469,1,1,1
GK476,1,1,1
GK477,1,1,1
GK48,1,1,1
GK482,1,1,1
GK483,0,0,0
GK485,1,1,1
GK488,1,1,1
GK489,0,0,0
GK49,1,1,1
GK490,1,1,1
GK499,1,1,1
GK500,0,0,0
GK503,1,1,1
GK506,1,1,1
GK51,1,1,1
GK510,1,1,1
GK511,1,1,1
GK512,1,1,1
GK513,1,1,1
GK514,1,1,1
GK515,0,0,0
GK516,0,0,0
GK517,1,1,1
GK518,1,1,1
GK519,0,0,0
GK52,1,1,1
GK520,1,1,1
GK521,1,1,1
GK522,1,1,1
GK523,0,0,0
GK525,0,0,0
GK526,1,1,1
GK527,1,1,1
GK529,1,1,1
GK530,1,1,1
GK533,0,0,0
GK535,0,0,0
GK536,0,0,0
GK537,0,0,0
GK538,0,0,0
GK539,0,0,0
GK540,1,1,1
GK541,1,1,1
GK542,1,1,1
GK545,0,0,0
GK548,1,1,1
GK55,1,1,1
GK550,1,1,1
GK551,0,0,0
GK552,1,1,1
GK553,0,0,0
GK554,1,1,1
GK555,1,1,1
GK556,0,0,0
GK557,0,0,0
GK558,1,1,1
GK56,0,0,0
GK562,0,0,0
GK563,0,0,0
GK564,1,1,1
GK566,1,1,1
GK570,1,1,1
GK572,1,1,1
GK574,1,1,1
GK578,1,1,1
GK583,1,1,1
GK588,1,1,1
GK59,1,1,1
GK596,1,1,1
GK597,1,1,1
GK60,1,1,1
GK602,0,0,0
GK608,1,1,1
GK61,1,1,1
GK613,1,1,1
GK615,0,0,0
GK618,1,1,1
GK619,1,1,1
GK62,1,1,1
GK621,1,1,1
GK623,0,0,0
GK63,1,1,1
GK631,0,0,0
GK633,1,1,1
GK634,1,1,1
GK637,0,0,0
GK639,1,1,1
GK64,1,1,1
GK642,0,0,0
GK654,1,1,1
GK662,0,0,0
GK663,1,1,1
GK665,1,1,1
GK666,1,1,1
GK668,1,1,1
GK670,0,0,0
GK678,0,0,0
GK685,1,1,1
GK71,0,0,0
GK729,0,0,0
GK731,1,1,1
GK733,1,1,1
GK734,1,1,1
GK735,1,1,1
GK737,0,0,0
GK738,1,1,1
GK74,1,1,1
GK740,0,0,0
GK741,1,1,1
GK742,1,1,1
GK744,1,1,1
GK745,1,1,1
GK746,1,1,1
GK749,1,1,1
GK751,0,0,0
GK753,1,1,1
GK757,1,1,1
GK758,1,1,1
GK76,0,0,0
GK760,1,1,1
GK761,1,1,1
GK762,0,0,0
GK763,1,1,1
GK764,1,1,1
GK765,1,1,1
GK766,1,1,1
GK767,0,0,0
GK768,0,0,0
GK769,1,1,1
GK77,1,1,1
GK770,1,1,1
GK771,0,0,0
GK772,0,0,0
GK773,1,1,1
GK774,0,0,0
GK775,0,0,0
GK776,1,1,1
GK777,0,0,0
GK778,1,1,1
GK779,1,1,1
GK780,0,0,0
GK781,1,1,1
GK79,1,1,1
GK84,1,1,1
GK90,1,1,1
GK93,1,1,1
GK946,1,1,1
GK947,1,1,1
GK951,0,0,0
GK952,0,0,0
GK953,1,1,1
GK954,1,1,1
GK955,1,1,1
GK961,1,1,1
GK962,0,0,0
GK963,0,0,0
GK964,0,0,0
GK965,0,0,0
GK966,1,1,1
GK967,1,1,1
GK968,0,0,0
GK969,0,0,0
GK97,1,1,1
GK970,1,1,1
GK971,1,1,1
GK973,1,1,1
GK974,1,1,1
GK975,1,1,1
GK976,1,1,1
GK977,1,1,1
GK978,1,1,1
GK979,1,1,1
GK981,1,1,1
GK982,0,0,0
GK983,0,0,0
GK984,0,0,0
GK985,0,0,0
GK986,1,1,1
GK987,1,1,1
GK988,0,0,0
GK989,0,0,0
GK990,1,1,1
GK991,0,0,0
GK992,0,0,0
GK993,1,1,1
GK994,0,0,0
GK995,1,1,1
GK996,1,1,1
GK997,0,0,0
GK998,1,1,1
GK999,0,0,0
H00075C,1,1,1
H00110C,1,1,1
H00134C,1,1,1
H00200C,1,1,1
H00202C,1,1,1
H00259C,1,1,1
H00261C,1,1,1
H00280R,0,0,0
H00282C,1,1,1
H00283C,1,1,1
H00284C,1,1,1
H00287R,1,1,1
H00289R,1,1,1
H00298C,1,1,1
H00299C,1,1,1
H00308G,1,1,1
H00309C,0,0,0
H00317G,1,1,1
H00330AC,0,0,0
H00333R,1,1,1
H00335R,1,1,1
H00347AC,1,1,1
H00347C,1,1,1
H00350R,1,1,1
H00371C,1,1,1
H00389C,1,1,1
H00430A,1,1,1
H00438G,1,1,1
H00439C,1,1,1
H00445A,1,1,1
H00455A,1,1,1
H00518P,1,1,1
H00519H,1,1,1
H00520C,1,1,1
H00532C,1,1,1
H00535C,1,1,1
H00536C,1,1,1
H00554AC,1,1,1
H00554C,1,1,1
H00573A,1,1,1
H00588G,1,1,1
H00590A,1,1,1
H00594V,1,1,1
H00598C,1,1,1
H00599B,1,1,1
H00604G,1,1,1
H00626C,1,1,1
H00630C,1,1,1
H00631C,1,1,1
H00641C,1,1,1
H00660C,0,0,0
H00664C,1,1,1
H00665C,1,1,1
H00677C,1,1,1
H00679G,1,1,1
H00680B,1,1,1
H00681P,1,1,1
H00689C,1,1,1
H00690C,1,1,1
H00692C,0,0,0
H00694C,1,1,1
H00705C,1,1,1
H00715V,1,1,1
H00721C,1,1,1
H00726C,1,1,1
H00727C,1,1,1
H00728C,0,0,0
H00730C,1,1,1
H00754C,1,1,1
H00761C,1,1,1
H00763C,1,1,1
H00768C,1,1,1
H00773C,1,1,1
H00781C,1,1,1
H00782C,0,0,0
H00807A,1,1,1
H00808G,1,1,1
H00811C,1,1,1
H00824A,1,1,1
H00829C,1,1,1
H00836B,1,1,1
H00837B,1,1,1
H00842G,1,1,1
H00856A,1,1,1
H00856C,0,0,0
H00859C,1,1,1
H00867C,1,1,1
H00867P,1,1,1
H00875A,1,1,1
H00884C,1,1,1
H00885C,1,1,1
H00886C,1,1,1
H00901H,1,1,1
H00905V,1,1,1
H00906C,1,1,1
H00907C,1,1,1
H00922P,1,1,1
H00935G,1,1,1
H00960A,1,1,1
H01035W,1,1,1
H01053M,1,1,1
H01054E,1,1,1
H01082H,1,1,1
H01085B,1,1,1
H01126E,0,0,0
H01154E,1,1,1
H01156W,1,1,1
H01164P,1,1,1
H01166M,0,0,0
H01171B,1,1,1
H01192P,1,1,1
H01205V,1,1,1
H01225A,1,1,1
H01252A,1,1,1
H01281R,1,1,1
H01283R,1,1,1
H01291R,1,1,1
H01292R,1,1,1
H01294R,1,1,1
H01295R,1,1,1
H01296R,1,1,1
H01297R,1,1,1
H01336H,0,0,0
H01337G,1,1,1
H01360M,1,1,1
H01369W,0,0,0
H01388W,1,1,1
H01467V,0,0,0
H01496A,1,1,1
H01497A,1,1,1
H01498A,1,1,1
H01499A,1,1,1
H01500A,1,1,1
H01501A,0,0,0
H01501G,1,1,1
H01503A,1,1,1
H01503B,1,1,1
H01504A,1,1,1
H01533G,1,1,1
H01547A,1,1,1
H01569G,1,1,1
H01570H,1,1,1
H01571G,1,1,1
H01591S,1,1,1
H01595AC,1,1,1
H01630R,0,0,0
H01644R,0,0,0
H01659R,1,1,1
H01662R,1,1,1
H01663A,1,1,1
H01664G,1,1,1
H01665P,1,1,1
H01666H,1,1,1
H01667B,1,1,1
H01668R,1,1,1
H01669A,1,1,1
H01670G,1,1,1
H01671P,1,1,1
H01672H,1,1,1
H01673B,1,1,1
H01681R,1,1,1
H01682A,1,1,1
H01683G,1,1,1
H01684P,1,1,1
H01685H,1,1,1
H01686B,1,1,1
H01712R,1,1,1
H01714R,1,1,1
H01715R,1,1,1
H01724S,1,1,1
H01725S,1,1,1
H01726S,1,1,1
H01727S,1,1,1
H01729AC,0,0,0
H01730AC,0,0,0
H01950W,1,1,1
H01959V,1,1,1
H02002G,1,1,1
H02003G,1,1,1
H02013B,1,1,1
H02014B,1,1,1
H02057B,1,1,1
H02060E,0,0,0
H02062E,1,1,1
H02092V,1,1,1
H02098V,1,1,1
H02106W,1,1,1
H02113W,1,1,1
H02118V,1,1,1
H02126E,1,1,1
H02130V,1,1,1
H02130W,1,1,1
H02135V,1,1,1
H02136V,1,1,1
H02157S,1,1,1
H02172W,1,1,1
H02173W,1,1,1
H02175AC,1,1,1
H02284E,1,1,1
IHI9V104,0,0,0
IHI9V108,0,0,0
IHICIFK,0,0,0
IHIVIHN,0,0,0
K00039C,1,1,1
K00040C,1,1,1
K00041C,1,1,1
K00044C,1,1,1
K00046C,1,1,1
K00047C,1,1,1
K00050C,1,1,1
K00074C,1,1,1
K00077C,1,1,1
K00078C,1,1,1
K00079C,1,1,1
K00089C,1,1,1
K00098C,1,1,1
K00107C,1,1,1
K00115C,0,0,0
K00135C,1,1,1
K00151C,1,1,1
K00152C,1,1,1
K00154C,1,1,1
K00155C,1,1,1
K00157C,1,1,1
K00171C,1,1,1
K00175C,1,1,1
K00203C,1,1,1
K00204C,1,1,1
K00205C,1,1,1
K00208C,1,1,1
K00210C,1,1,1
K00214C,1,1,1
K00215C,1,1,1
K00216C,1,1,1
K00217C,1,1,1
K00218C,1,1,1
K00225C,1,1,1
K00227C,1,1,1
K00241C,1,1,1
K00248C,1,1,1
K00249C,1,1,1
K00258C,1,1,1
K00262C,1,1,1
K00268C,0,0,0
K00270C,1,1,1
K00279G,1,1,1
K00281C,1,1,1
K00281G,1,1,1
K00289G,1,1,1
K00296G,1,1,1
K00301C,1,1,1
K00302C,1,1,1
K00305C,1,1,1
K00305R,1,1,1
K00309R,1,1,1
K00313C,1,1,1
K00313G,1,1,1
K00314R,0,0,0
K00315R,1,1,1
K00316C,1,1,1
K00316R,1,1,1
K00318C,0,0,0
K00319C,1,1,1
K00320C,1,1,1
K00324C,1,1,1
K00327C,1,1,1
K00328C,1,1,1
K00333AC,1,1,1
K00335C,1,1,1
K00336G,1,1,1
K00337G,1,1,1
K00339C,1,1,1
K00344A,1,1,1
K00352G,1,1,1
K00354C,1,1,1
K00354R,0,0,0
K00357C,0,0,0
K00358C,1,1,1
K00362AC,1,1,1
K00362C,1,1,1
K00363C,1,1,1
K00367G,1,1,1
K00368G,1,1,1
K00372A,1,1,1
K00374C,1,1,1
K00377C,1,1,1
K00379G,1,1,1
K00380C,1,1,1
K00381C,0,0,0
K00382A,1,1,1
K00384A,1,1,1
K00386A,1,1,1
K00386C,1,1,1
K00387C,1,1,1
K00388C,1,1,1
K00393C,1,1,1
K00394C,1,1,1
K00397A,1,1,1
K00398A,1,1,1
K00401C,1,1,1
K00402A,1,1,1
K00403G,0,0,0
K00405C,0,0,0
K00406C,1,1,1
K00407G,1,1,1
K00413G,1,1,1
K00413N,1,1,1
K00415C,1,1,1
K00423G,1,1,1
K00425A,0,0,0
K00425C,1,1,1
K00426C,1,1,1
K00427C,1,1,1
K00431A,1,1,1
K00432G,1,1,1
K00433G,1,1,1
K00438C,1,1,1
K00442C,1,1,1
K00447C,1,1,1
K00448A,0,0,0
K00450A,1,1,1
K00450C,1,1,1
K00451A,1,1,1
K00452G,1,1,1
K00453C,1,1,1
K00454C,1,1,1
K00458C,1,1,1
K00472P,1,1,1
K00473C,1,1,1
K00474C,0,0,0
K00477C,1,1,1
K00479P,1,1,1
K00480C,1,1,1
K00480P,1,1,1
K00481C,1,1,1
K00482P,1,1,1
K00483C,1,1,1
K00489AC,1,1,1
K00489C,1,1,1
K00495C,1,1,1
K00497C,1,1,1
K00500EV,1,1,1
K00501EV,1,1,1
K00505A,1,1,1
K00506A,1,1,1
K00507B,1,1,1
K00507C,1,1,1
K00508C,1,1,1
K00509A,0,0,0
K00510C,1,1,1
K00510G,0,0,0
K00511A,1,1,1
K00511C,1,1,1
K00512C,1,1,1
K00513C,1,1,1
K00515C,1,1,1
K00516G,1,1,1
K00517C,1,1,1
K00523C,1,1,1
K00523G,1,1,1
K00525B,1,1,1
K00526C,1,1,1
K00527B,0,0,0
K00528B,1,1,1
K00530C,1,1,1
K00540C,1,1,1
K00543C,1,1,1
K00544G,1,1,1
K00550B,1,1,1
K00555C,1,1,1
K00556C,1,1,1
K00557C,1,1,1
K00557V,1,1,1
K00558C,1,1,1
K00558V,1,1,1
K00562C,1,1,1
K00565C,0,0,0
K00567C,1,1,1
K00568C,1,1,1
K00575B,1,1,1
K00578P,1,1,1
K00579P,1,1,1
K00582C,1,1,1
K00584C,1,1,1
K00584G,1,1,1
K00585C,1,1,1
K00585G,1,1,1
K00586G,1,1,1
K00595V,1,1,1
K00600P,1,1,1
K00603C,1,1,1
K00604C,1,1,1
K00605C,1,1,1
K00606C,1,1,1
K00608G,1,1,1
K00609A,1,1,1
K00612C,1,1,1
K00617C,1,1,1
K00618C,0,0,0
K00619C,1,1,1
K00620C,1,1,1
K00622B,1,1,1
K00625G,1,1,1
K00627C,1,1,1
K00630P,1,1,1
K00632C,1,1,1
K00633C,1,1,1
K00634C,1,1,1
K00638C,1,1,1
K00644V,1,1,1
K00650C,1,1,1
K00652C,1,1,1
K00653C,1,1,1
K00657C,1,1,1
K00662C,1,1,1
K00667V,1,1,1
K00669V,0,0,0
K00670C,1,1,1
K00671C,1,1,1
K00673V,1,1,1
K00674V,0,0,0
K00676C,1,1,1
K00681C,0,0,0
K00684G,1,1,1
K00685A,1,1,1
K00685C,1,1,1
K00700B,1,1,1
K00701B,1,1,1
K00702B,1,1,1
K00707C,1,1,1
K00708C,1,1,1
K00710C,0,0,0
K00712B,1,1,1
K00718H,1,1,1
K00722C,1,1,1
K00723H,1,1,1
K00729C,1,1,1
K00732AC,1,1,1
K00732C,0,0,0
K00733B,1,1,1
K00734C,1,1,1
K00735C,1,1,1
K00737P,1,1,1
K00739C,0,0,0
K00740C,1,1,1
K00742A,1,1,1
K00744C,1,1,1
K00745C,1,1,1
K00750C,1,1,1
K00756C,1,1,1
K00762W,1,1,1
K00764B,1,1,1
K00766C,1,1,1
K00769C,1,1,1
K00770P,1,1,1
K00771H,1,1,1
K00772P,1,1,1
K00773B,1,1,1
K00774C,1,1,1
K00777C,1,1,1
K00782V,1,1,1
K00783C,1,1,1
K00783S,1,1,1
K00785C,1,1,1
K00788C,1,1,1
K00788V,0,0,0
K00789C,1,1,1
K00790C,0,0,0
K00791C,0,0,0
K00794C,1,1,1
K00794V,1,1,1
K00795C,1,1,1
K00800B,0,0,0
K00802C,1,1,1
K00803C,1,1,1
K00809C,1,1,1
K00809H,1,1,1
K00810C,1,1,1
K00810P,1,1,1
K00811P,0,0,0
K00822C,1,1,1
K00823C,1,1,1
K00826C,1,1,1
K00827C,1,1,1
K00830C,1,1,1
K00831C,1,1,1
K00834C,1,1,1
K00835C,0,0,0
K00836C,0,0,0
K00837C,1,1,1
K00838C,1,1,1
K00843C,1,1,1
K00844C,1,1,1
K00845B,1,1,1
K00846H,1,1,1
K00848AC,1,1,1
K00849C,1,1,1
K00849G,1,1,1
K00852C,1,1,1
K00853C,1,1,1
K00853G,1,1,1
K00854P,0,0,0
K00858C,1,1,1
K00861C,1,1,1
K00871A,1,1,1
K00874C,1,1,1
K00878C,1,1,1
K00879C,1,1,1
K00883M,1,1,1
K00884E,1,1,1
K00885M,1,1,1
K00886E,1,1,1
K00889C,1,1,1
K00892C,1,1,1
K00893C,1,1,1
K00895C,1,1,1
K00897R,1,1,1
K00898C,0,0,0
K00899R,1,1,1
K00900C,1,1,1
K00900R,1,1,1
K00906V,1,1,1
K00910C,1,1,1
K00917C,1,1,1
K00918C,1,1,1
K00919C,1,1,1
K00919G,1,1,1
K00921R,1,1,1
K00931E,1,1,1
K00934E,1,1,1
K00938E,1,1,1
K00946W,0,0,0
K00951E,1,1,1
K00956G,1,1,1
K00959A,0,0,0
K00974H,1,1,1
K00976V,1,1,1
K00982B,1,1,1
K00983H,1,1,1
K00989P,1,1,1
K00991B,1,1,1
K01001B,1,1,1
K01038W,1,1,1
K01039W,1,1,1
K01049W,1,1,1
K01059G,1,1,1
K01064G,1,1,1
K01070B,1,1,1
K01071B,0,0,0
K01073B,1,1,1
K01073W,0,0,0
K01074P,1,1,1
K01075W,1,1,1
K01077H,1,1,1
K01078H,1,1,1
K01079H,1,1,1
K01095H,1,1,1
K01096P,1,1,1
K01107R,1,1,1
K01112G,1,1,1
K01117W,1,1,1
K01119W,1,1,1
K01121W,0,0,0
K01128H,1,1,1
K01130G,1,1,1
K01131A,1,1,1
K01133P,1,1,1
K01155R,1,1,1
K01157G,1,1,1
K01158W,0,0,0
K01159M,1,1,1
K01160E,1,1,1
K01165B,1,1,1
K01165U,1,1,1
K01166B,1,1,1
K01166U,1,1,1
K01167U,1,1,1
K01168U,1,1,1
K01169U,1,1,1
K01170U,0,0,0
K01173B,1,1,1
K01174B,1,1,1
K01176R,1,1,1
K01177R,1,1,1
K01178B,1,1,1
K01178R,1,1,1
K01179B,1,1,1
K01181G,1,1,1
K01201N,1,1,1
K01204C,1,1,1
K01212B,1,1,1
K01213G,1,1,1
K01214R,1,1,1
K01215R,1,1,1
K01217G,1,1,1
K01225W,0,0,0
K01228E,1,1,1
K01236B,1,1,1
K01245E,1,1,1
K01245P,0,0,0
K01261R,1,1,1
K01267E,1,1,1
K01270A,1,1,1
K01276R,1,1,1
K01277R,1,1,1
K01305R,1,1,1
K01323B,1,1,1
K01324N,1,1,1
K01325A,1,1,1
K01326W,1,1,1
K01334A,1,1,1
K01335B,1,1,1
K01345M,1,1,1
K01346E,1,1,1
K01347M,1,1,1
K01348E,1,1,1
K01358M,1,1,1
K01359M,1,1,1
K01363A,1,1,1
K01364N,1,1,1
K01371A,1,1,1
K01374C,0,0,0
K01377V,1,1,1
K01378S,1,1,1
K01382W,1,1,1
K01383V,1,1,1
K01384E,1,1,1
K01386A,1,1,1
K01387V,1,1,1
K01390V,1,1,1
K01394N,1,1,1
K01395P,1,1,1
K01396B,1,1,1
K01399B,1,1,1
K01404G,1,1,1
K01407H,1,1,1
K01421N,1,1,1
K01424R,1,1,1
K01428V,1,1,1
K01429V,1,1,1
K01432E,1,1,1
K01436W,1,1,1
K01437W,1,1,1
K01440V,1,1,1
K01470S,1,1,1
K01474G,1,1,1
K01485A,1,1,1
K01486A,1,1,1
K01500EV,1,1,1
K01528V,1,1,1
K01529V,0,0,0
K01530V,1,1,1
K01531V,1,1,1
K01541M,1,1,1
K01542W,0,0,0
K01543A,1,1,1
K01548E,1,1,1
K01558S,1,1,1
K01559S,1,1,1
K01560S,1,1,1
K01562W,1,1,1
K01566A,1,1,1
K01583S,0,0,0
K01584S,1,1,1
K01585S,1,1,1
K01587S,0,0,0
K01588AC,1,1,1
K01589AC,0,0,0
K01603S,0,0,0
K01604S,1,1,1
K01609R,1,1,1
K01632R,1,1,1
K01633R,1,1,1
K01636R,1,1,1
K01637R,0,0,0
K01639R,1,1,1
K01642R,1,1,1
K01643R,1,1,1
K01644V,1,1,1
K01660H,1,1,1
K01661B,1,1,1
K01674R,1,1,1
K01675A,1,1,1
K01676G,1,1,1
K01677P,1,1,1
K01680B,1,1,1
K01698R,1,1,1
K01699R,0,0,0
K01701R,1,1,1
K01708R,1,1,1
K01719W,0,0,0
K01722E,1,1,1
K01723S,0,0,0
K01731AC,1,1,1
K01732AC,0,0,0
K01736AC,1,1,1
K01737AC,1,1,1
K01931P,1,1,1
K01934R,1,1,1
K01935R,1,1,1
K01936P,1,1,1
K01936R,1,1,1
K01937R,1,1,1
K01938R,1,1,1
K01939R,1,1,1
K01939V,0,0,0
K01941R,1,1,1
K01942R,1,1,1
K01954V,1,1,1
K01958W,1,1,1
K01965M,1,1,1
K01966W,1,1,1
K01967M,1,1,1
K01968W,1,1,1
K01969M,1,1,1
K01970W,1,1,1
K01971W,1,1,1
K01982W,0,0,0
K01983M,1,1,1
K01984E,0,0,0
K01985M,1,1,1
K01988W,1,1,1
K02025B,1,1,1
K02026B,1,1,1
K02028B,1,1,1
K02032B,1,1,1
K02042B,1,1,1
K02043B,1,1,1
K02052B,1,1,1
K02056B,1,1,1
K02058B,1,1,1
K02077R,1,1,1
K02079A,1,1,1
K02080N,1,1,1
K02081P,1,1,1
K02082R,1,1,1
K02087V,1,1,1
K02088V,0,0,0
K02089V,0,0,0
K02096V,1,1,1
K02100V,1,1,1
K02102W,0,0,0
K02105W,1,1,1
K02106V,0,0,0
K02107W,0,0,0
K02108W,0,0,0
K02109V,1,1,1
K02117M,1,1,1
K02123V,1,1,1
K02124S,0,0,0
K02124V,1,1,1
K02133W,1,1,1
K02134V,1,1,1
K02137S,1,1,1
K02139W,0,0,0
K02147W,1,1,1
K02148W,1,1,1
K02149W,1,1,1
K02150W,1,1,1
K02153W,1,1,1
K02154W,1,1,1
K02155W,1,1,1
K02156W,1,1,1
K02166W,1,1,1
K02167AC,1,1,1
K02168W,1,1,1
K02179V,1,1,1
K02181W,1,1,1
K02183V,1,1,1
K03000V,1,1,1
K03082R,1,1,1
KITREPAIR3523299,0,0,0
M00033C,1,1,1
M00034C,1,1,1
M00035C,1,1,1
M00037C,1,1,1
M00088C,0,0,0
M00109C,1,1,1
M00170C,1,1,1
M00192C,1,1,1
M00207C,1,1,1
M00220C,1,1,1
M00221C,1,1,1
M00223C,1,1,1
M00226C,1,1,1
M00229C,1,1,1
M00230C,1,1,1
M00245C,1,1,1
M00247C,1,1,1
M00260C,1,1,1
M00263C,1,1,1
M00266C,1,1,1
M00272C,1,1,1
M00273C,1,1,1
M00280C,1,1,1
M00317C,1,1,1
M00322C,1,1,1
M00326R,1,1,1
M00328R,1,1,1
M00329R,1,1,1
M00331C,1,1,1
M00332AC,1,1,1
M00332R,1,1,1
M00336C,1,1,1
M00339R,1,1,1
M00340C,1,1,1
M00364C,1,1,1
M00372C,1,1,1
M00375C,1,1,1
M00376C,1,1,1
M00379C,1,1,1
M00383A,1,1,1
M00384C,1,1,1
M00385G,1,1,1
M00390G,1,1,1
M00397C,1,1,1
M00416C,1,1,1
M00426A,1,1,1
M00441C,1,1,1
M00444C,1,1,1
M00460C,1,1,1
M00462C,1,1,1
M00478C,1,1,1
M00522C,1,1,1
M00524C,1,1,1
M00534A,1,1,1
M00535G,1,1,1
M00539C,1,1,1
M00543A,1,1,1
M00544C,1,1,1
M00545C,0,0,0
M00551C,1,1,1
M00552C,1,1,1
M00553B,1,1,1
M00553C,1,1,1
M00561P,1,1,1
M00563C,1,1,1
M00564C,1,1,1
M00566C,1,1,1
M00570AC,1,1,1
M00570C,1,1,1
M00572C,1,1,1
M00573C,1,1,1
M00574C,1,1,1
M00574V,1,1,1
M00575C,1,1,1
M00576C,1,1,1
M00577V,1,1,1
M00579C,1,1,1
M00587C,1,1,1
M00587G,1,1,1
M00589A,1,1,1
M00593C,1,1,1
M00596C,1,1,1
M00597A,1,1,1
M00597C,1,1,1
M00598B,1,1,1
M00599C,1,1,1
M00600C,1,1,1
M00607G,1,1,1
M00614C,1,1,1
M00615C,1,1,1
M00616C,1,1,1
M00623B,1,1,1
M00626G,1,1,1
M00628A,1,1,1
M00631G,1,1,1
M00635A,1,1,1
M00636B,1,1,1
M00637C,0,0,0
M00644C,1,1,1
M00645C,1,1,1
M00646C,1,1,1
M00647C,1,1,1
M00649C,1,1,1
M00655C,1,1,1
M00661C,1,1,1
M00664G,1,1,1
M00676P,1,1,1
M00677H,1,1,1
M00686C,1,1,1
M00687C,1,1,1
M00691P,1,1,1
M00700C,1,1,1
M00719V,1,1,1
M00720C,1,1,1
M00721B,1,1,1
M00736C,1,1,1
M00738C,1,1,1
M00741C,1,1,1
M00765V,1,1,1
M00766V,0,0,0
M00770C,1,1,1
M00774P,1,1,1
M00775H,1,1,1
M00779C,0,0,0
M00786C,0,0,0
M00792C,1,1,1
M00796C,1,1,1
M00818C,1,1,1
M00824C,1,1,1
M00825C,1,1,1
M00833C,1,1,1
M00840C,1,1,1
M00842C,1,1,1
M00849AC,1,1,1
M00851C,1,1,1
M00869B,1,1,1
M00870C,1,1,1
M00870H,1,1,1
M00871C,1,1,1
M00873B,0,0,0
M00874B,1,1,1
M00875C,1,1,1
M00876C,1,1,1
M00880C,1,1,1
M00887C,1,1,1
M00889A,1,1,1
M00890G,1,1,1
M00891B,1,1,1
M00892H,1,1,1
M00896C,1,1,1
M00898R,1,1,1
M00899C,1,1,1
M00902H,1,1,1
M00905G,1,1,1
M00909C,1,1,1
M00914C,1,1,1
M00914W,1,1,1
M00915W,1,1,1
M00920R,1,1,1
M00986B,1,1,1
M00987H,1,1,1
M01010B,1,1,1
M01029R,1,1,1
M01030W,0,0,0
M01032W,1,1,1
M01033W,0,0,0
M01034W,1,1,1
M01042W,1,1,1
M01048B,1,1,1
M01053G,1,1,1
M01069V,0,0,0
M01071V,1,1,1
M01114G,1,1,1
M01122B,1,1,1
M01134B,1,1,1
M01142B,1,1,1
M01144B,1,1,1
M01150E,1,1,1
M01161M,1,1,1
M01162E,1,1,1
M01170B,1,1,1
M01175H,1,1,1
M01179R,1,1,1
M01180R,1,1,1
M01181R,1,1,1
M01184A,1,1,1
M01185G,1,1,1
M01189E,1,1,1
M01190M,1,1,1
M01197G,1,1,1
M01209A,1,1,1
M01212R,1,1,1
M01213R,1,1,1
M01226H,1,1,1
M01227N,1,1,1
M01230R,1,1,1
M01233R,1,1,1
M01234R,1,1,1
M01235R,1,1,1
M01238G,1,1,1
M01240B,1,1,1
M01249R,1,1,1
M01250R,1,1,1
M01259R,1,1,1
M01264G,1,1,1
M01265A,1,1,1
M01269H,1,1,1
M01298A,1,1,1
M01299H,1,1,1
M01300W,1,1,1
M01311E,1,1,1
M01321E,1,1,1
M01322W,1,1,1
M01328E,1,1,1
M01328R,1,1,1
M01330R,1,1,1
M01337W,1,1,1
M01351M,1,1,1
M01352E,1,1,1
M01353M,1,1,1
M01354E,1,1,1
M01356A,0,0,0
M01365H,1,1,1
M01385V,1,1,1
M01389S,1,1,1
M01401G,1,1,1
M01402A,1,1,1
M01408V,1,1,1
M01409N,1,1,1
M01418A,1,1,1
M01422E,1,1,1
M01463V,1,1,1
M01471H,1,1,1
M01487A,1,1,1
M01488A,1,1,1
M01489A,1,1,1
M01490A,1,1,1
M01491A,1,1,1
M01491G,1,1,1
M01532G,1,1,1
M01537H,1,1,1
M01538G,1,1,1
M01540P,1,1,1
M01543R,1,1,1
M01561S,1,1,1
M01572W,1,1,1
M01573R,1,1,1
M01590AC,1,1,1
M01606S,1,1,1
M01647R,0,0,0
M01650R,1,1,1
M01651R,1,1,1
M01652R,1,1,1
M01654R,0,0,0
M01655R,1,1,1
M01710R,1,1,1
M01711R,1,1,1
M01716W,0,0,0
M01717W,1,1,1
M01787B,1,1,1
M01919G,1,1,1
M01940A,1,1,1
M01941G,1,1,1
M01942B,1,1,1
M01943H,1,1,1
M01944W,1,1,1
M01957B,1,1,1
M01962E,0,0,0
M01963M,1,1,1
M01964W,1,1,1
M01986E,1,1,1
M01987M,1,1,1
M02015B,1,1,1
M02016B,1,1,1
M02017R,1,1,1
M02018B,1,1,1
M02018R,1,1,1
M02031B,1,1,1
M02038B,1,1,1
M02039B,1,1,1
M02051B,1,1,1
M02062B,1,1,1
M02090V,0,0,0
M02091V,1,1,1
M02093V,1,1,1
M02103R,1,1,1
M02111S,1,1,1
M02120V,1,1,1
M02122S,1,1,1
M02126W,1,1,1
M02127V,1,1,1
M02128V,1,1,1
M02128W,1,1,1
M02129W,1,1,1
M02132V,1,1,1
M02134S,0,0,0
M02138W,1,1,1
M02143W,1,1,1
M02145S,1,1,1
M02169W,1,1,1
M02170W,1,1,1
M02171W,1,1,1
M02180V,1,1,1
PROVA,0,0,0
S00276R,1,1,1
S00295R,1,1,1
S00297R,1,1,1
S00301R,1,1,1
S00302R,1,1,1
S00304R,1,1,1
S00446A,1,1,1
S00486A,1,1,1
S00487A,1,1,1
S00488G,1,1,1
S00489G,1,1,1
S00490G,1,1,1
S00578C,1,1,1
S00643C,1,1,1
S00666C,1,1,1
S00678V,1,1,1
S00697C,1,1,1
S00704C,1,1,1
S00868C,1,1,1
S00882C,1,1,1
S00883C,0,0,0
S00980H,1,1,1
S01492A,1,1,1
S01493A,1,1,1
S01494A,1,1,1
S01506A,1,1,1
S01507A,1,1,1
S01508A,1,1,1
S01510A,1,1,1
S01648R,1,1,1
S01690R,1,1,1
S01697R,1,1,1
T00030C,1,1,1
T00209C,1,1,1
T00277R,1,1,1
T00278C,1,1,1
T00278R,1,1,1
T00285R,1,1,1
T00323G,1,1,1
T00353C,1,1,1
T00353R,1,1,1
T00363A,1,1,1
T00364A,1,1,1
T00536G,1,1,1
T00537P,1,1,1
T00538H,1,1,1
T00541A,1,1,1
T00594C,1,1,1
T00602B,1,1,1
T00629C,1,1,1
T00680C,1,1,1
T00682C,1,1,1
T00695C,1,1,1
T00696C,0,0,0
T00703C,1,1,1
T00712C,1,1,1
T00737C,1,1,1
T00765C,1,1,1
T00767C,1,1,1
T00820V,1,1,1
T00825G,1,1,1
T00860A,1,1,1
T00869C,1,1,1
T00885A,1,1,1
T00922R,1,1,1
T00937A,1,1,1
T00997P,1,1,1
T00998B,1,1,1
T01000H,1,1,1
T01132B,1,1,1
T01171R,1,1,1
T01172R,1,1,1
T01173R,1,1,1
T01243G,1,1,1
T01251W,1,1,1
T01287R,1,1,1
T01288R,1,1,1
T01289R,1,1,1
T01290R,1,1,1
T01355M,1,1,1
T01426S,1,1,1
T01645R,1,1,1
T01646R,1,1,1
T01706R,1,1,1
T01943E,1,1,1
T01943R,1,1,1
T01944R,1,1,1
T01945W,1,1,1
T01960V,1,1,1
T01993E,1,1,1
T02174AC,1,1,1
TR00546,1,1,1
TR00547,0,0,0
TR00548,1,1,1
TR00549,1,1,1
TR00550,1,1,1
TR00551,1,1,1
TR00553,1,1,1
TR00554,1,1,1
TR00555,1,1,1
TR00556,1,1,1
TR00559,1,1,1
TR00560,1,1,1
TR00561,1,1,1
TR00563,1,1,1
TR00564,0,0,0
TR00566,1,1,1
TR00567,1,1,1
TR00568,1,1,1
TR00569,1,1,1
TR00570,1,1,1
TR00571,1,1,1
TR00574,1,1,1
TR00575,1,1,1
TR00576,1,1,1
TR00577,1,1,1
TR00578,1,1,1
TR00579,1,1,1
TR00580,1,1,1
TR00581,1,1,1
TR00582,1,1,1
TR00583,1,1,1
TR00584,1,1,1
TR00585,1,1,1
TR00586,1,1,1
TR00587,1,1,1
TR00588,1,1,1
TR00589,1,1,1
TR00590,1,1,1
TR00591,1,1,1
TR00592,0,0,0
TR00593,1,1,1
TR00594,1,1,1
TR00596,1,1,1
TR00597,1,1,1
TR00600,1,1,1
TR00601,1,1,1
TR00602,1,1,1
TR00603,1,1,1
TR00605,1,1,1
TR00606,1,1,1
TR00607,1,1,1
TR00608,1,1,1
TR00610,1,1,1
TR00611,1,1,1
TR00612,1,1,1
TR00613,1,1,1
TR00616,1,1,1
TR00617,1,1,1
TR00618,1,1,1
TR00619,1,1,1
TR00620,1,1,1
TR00621,1,1,1
TR00622,1,1,1
TR00623,1,1,1
TR00624,1,1,1
TR00625,1,1,1
TR00626,1,1,1
TR00627,1,1,1
TR00631,1,1,1
TR00632,1,1,1
TR00633,1,1,1
TR00635,1,1,1
TR00636,1,1,1
TR00637,1,1,1
TR00640,1,1,1
TR00641,1,1,1
TR00642,1,1,1
TR00643,1,1,1
TR00644,1,1,1
TR00645,1,1,1
TR00646,1,1,1
TR00647,1,1,1
TR00648,1,1,1
TR00650,1,1,1
TR00651,1,1,1
TR00653,1,1,1
TR00654,1,1,1
TR00658,1,1,1
TR00659,1,1,1
TR00660,1,1,1
TR00661,1,1,1
TR00662,1,1,1
TR00663,1,1,1
TR00664,1,1,1
TR00665,1,1,1
TR00666,1,1,1
TR00667,1,1,1
TR00669,1,1,1
TR00670,1,1,1
TR00672,1,1,1
TR00673,1,1,1
TR00674,1,1,1
TR00676,1,1,1
TR00677,1,1,1
TR00678,1,1,1
TR00679,1,1,1
TR00680,1,1,1
TR00681,1,1,1
TR00682,1,1,1
TR00683,1,1,1
TR00684,1,1,1
TR00685,1,1,1
TR00686,1,1,1
TR00687,1,1,1
TR00688,1,1,1
TR00689,1,1,1
TR00690,1,1,1
TR00691,1,1,1
TR00692,1,1,1
TR00693,1,1,1
TR00694,1,1,1
TR00695,1,1,1
TURBOCOMPRESSORE,0,0,0
V00030T,0,0,0
V00032T,0,0,0
V00033T,1,1,1
V00034T,1,1,1
V00035T,0,0,0
V00037T,1,1,1
V00040T,1,1,1
V00041T,1,1,1
V00042T,1,1,1
V00045T,1,1,1
V00046T,0,0,0
V00047T,1,1,1
V00048T,1,1,1
V00052T,1,1,1
V00053T,1,1,1
V00054T,1,1,1
V00056T,1,1,1
V00057T,1,1,1
V00058T,1,1,1
V00059T,0,0,0
V00061T,0,0,0
V00062T,1,1,1
V00064T,1,1,1
V00065T,1,1,1
V00067T,1,1,1
V00068T,1,1,1
V00069T,1,1,1
V00071T,1,1,1
V00072T,1,1,1
V00073T,1,1,1
V00076T,1,1,1
V00077T,1,1,1
V00078T,1,1,1
V00079T,1,1,1
V00082T,0,0,0
V00084T,1,1,1
V00088T,0,0,0
V00089T,1,1,1
V00090T,0,0,0
V00102T,1,1,1
V00107T,1,1,1
V00109T,0,0,0
V00115T,0,0,0
V00117T,1,1,1
V00124T,1,1,1
V00126T,0,0,0
V00129T,1,1,1
V00130T,1,1,1
V00133T,1,1,1
V00134T,0,0,0
V00135T,1,1,1
V00149T,1,1,1
V00151T,1,1,1
V00152T,0,0,0
V00155T,1,1,1
V00169T,0,0,0
V00172T,1,1,1
V00176T,1,1,1
V00177T,1,1,1
V00182T,0,0,0
V00185T,0,0,0
V00188T,1,1,1
V00189T,1,1,1
V00193T,1,1,1
V00198T,1,1,1
V00199T,1,1,1
V00200T,1,1,1
V00205T,0,0,0
V00207T,0,0,0
V00208T,1,1,1
V00218T,0,0,0
V00220T,1,1,1
V00221T,0,0,0
V00227T,1,1,1
V00228T,1,1,1
V00230T,1,1,1
V00241T,0,0,0
V00245T,1,1,1
V00254T,1,1,1
V00260T,1,1,1
V00263T,1,1,1
V00268T,1,1,1
V00273T,1,1,1
V00276T,1,1,1
V00277T,1,1,1
V00282T,1,1,1
V00283T,1,1,1
V00284T,1,1,1
V00300T,0,0,0
V00306T,1,1,1
V00313T,1,1,1
V00316T,1,1,1
V00324T,1,1,1
V00327T,0,0,0
V00340T,0,0,0
V00358T,1,1,1
V00362T,0,0,0
V00364T,1,1,1
V00375T,1,1,1
V00377T,1,1,1
V00378T,1,1,1
V00380T,1,1,1
V00383T,1,1,1
V00384T,1,1,1
V00385T,1,1,1
V00388T,0,0,0
V00401T,1,1,1
V00402T,1,1,1
V00410T,1,1,1
V00411T,0,0,0
V00413T,0,0,0
V00415T,0,0,0
V00416T,1,1,1
V00426T,1,1,1
V00427T,1,1,1
V00428T,0,0,0
V00429T,1,1,1
V00433T,1,1,1
V00434T,1,1,1
V00445T,1,1,1
V00449T,1,1,1
V00452T,0,0,0
V00455T,1,1,1
V00456T,1,1,1
V00460T,1,1,1
V00461T,1,1,1
V00462T,1,1,1
V00463T,1,1,1
V00466T,1,1,1
V00468T,0,0,0
V00471T,1,1,1
V00473T,1,1,1
V00476T,1,1,1
V00478T,1,1,1
V00486T,1,1,1
V00489T,1,1,1
V00495T,0,0,0
V00507T,1,1,1
V00512T,1,1,1
V00515T,1,1,1
V00517T,0,0,0
V00520T,0,0,0
V00522T,1,1,1
V00527T,0,0,0
V00545T,1,1,1
V00549T,1,1,1
V00553T,1,1,1
V00557T,1,1,1
V00560T,1,1,1
V00563T,1,1,1
V00566T,1,1,1
V00567T,1,1,1
V00570T,1,1,1
V00572T,1,1,1
V00610T,0,0,0
V00611T,1,1,1
V00620T,1,1,1
V00626T,1,1,1
V00627T,1,1,1
V00654T,1,1,1
V00655T,1,1,1
V00660T,0,0,0
V00673T,1,1,1
V00674T,1,1,1
V00681T,1,1,1
V00684T,1,1,1
V00686T,1,1,1
V00703T,1,1,1
V00718T,1,1,1
V00719T,1,1,1
V00721T,0,0,0
V00722T,1,1,1
V00742T,1,1,1
V00761T,0,0,0
V00776T,1,1,1
V00783T,1,1,1
V00784T,1,1,1
V00785T,0,0,0
V00786T,0,0,0
V00787T,1,1,1
V00797T,0,0,0
V00798T,0,0,0
V00799T,0,0,0
V00800T,0,0,0
V00801T,0,0,0
V00803T,1,1,1
V00810T,0,0,0
V00824T,1,1,1
V00825T,1,1,1
V00839T,0,0,0
V00855T,1,1,1
V00870T,1,1,1
V01000T,1,1,1
V01111E,1,1,1
V01112E,1,1,1
V01142U,1,1,1
V01143U,1,1,1
V01196R,1,1,1
V01197R,0,0,0
V01198R,1,1,1
V01199R,1,1,1
V01200R,0,0,0
V01201R,1,1,1
V01202R,1,1,1
V01260T,1,1,1
V01340T,1,1,1
V01384T,1,1,1
V01426T,1,1,1
V01476T,1,1,1
V01478T,0,0,0
V01549R,1,1,1
V01550E,1,1,1
V01551R,0,0,0
V02260T,1,1,1
VB17,0,0,0
VF57RV,0,0,0
VIDA,0,0,0
VL37RV,0,0,0
VV16RV,0,0,0
Z00864C,1,1,1
Z00865C,1,1,1
Z00866C,1,1,1
